date,year,season,location,sampleID,sampleID.prefix,microhabitat,mon.precip,mon.ADD,max.discharge,mean.discharge,max.turb,median.turb,max.wTemp,median.wTemp,depth,per_sediment,per_rock,per_organic,dateTime.UTC,lat,long,alt,pH,wTemp,DO,light,flow,turb,cond,nitrate,alkalinity,phosphate
2018-05-29,2018,Summer,Downstream,01DRSU18.DM,01DRSU18,DM,54.6,480.6,166,77.43333333333334,3.873,3.3680000000000003,22.07,16.405,17.75,44.5,55,0.5,NA,NA,NA,NA,NA,NA,NA,NA,NA,NA,NA,NA,NA,NA
2018-05-29,2018,Summer,Downstream,01DRSU18.DSP,01DRSU18,DSP,54.6,480.6,166,77.43333333333334,3.873,3.3680000000000003,22.07,16.405,16.25,10,90,0,NA,NA,NA,NA,NA,NA,NA,NA,NA,NA,NA,NA,NA,NA
2018-05-29,2018,Summer,Downstream,01DRSU18.DFR,01DRSU18,DFR,54.6,480.6,166,77.43333333333334,3.873,3.3680000000000003,22.07,16.405,15.5,17.5,80,2.5,NA,NA,NA,NA,NA,NA,NA,NA,NA,NA,NA,NA,NA,NA
2018-05-29,2018,Summer,Downstream,01DRSU18.DSR,01DRSU18,DSR,54.6,480.6,166,77.43333333333334,3.873,3.3680000000000003,22.07,16.405,18.775,44.5,50,5.5,NA,NA,NA,NA,NA,NA,NA,NA,NA,NA,NA,NA,NA,NA
2018-05-29,2018,Summer,Downstream,01DRSU18.DSH,01DRSU18,DSH,54.6,480.6,166,77.43333333333334,3.873,3.3680000000000003,22.07,16.405,16,17.5,82.5,0,NA,NA,NA,NA,NA,NA,NA,NA,NA,NA,NA,NA,NA,NA
2018-05-31,2018,Summer,Upstream,01URSU18.USH,01URSU18,USH,45.9,508.35,124,69.49333333333334,3.873,3.4155,22.07,16.66,35.25,27.5,72.5,0,NA,NA,NA,NA,NA,NA,NA,NA,NA,NA,NA,NA,NA,NA
2018-05-31,2018,Summer,Upstream,01URSU18.UM,01URSU18,UM,45.9,508.35,124,69.49333333333334,3.873,3.4155,22.07,16.66,23.75,2.5,97.5,0,NA,NA,NA,NA,NA,NA,NA,NA,NA,NA,NA,NA,NA,NA
2018-05-31,2018,Summer,Upstream,01URSU18.USU,01URSU18,USU,45.9,508.35,124,69.49333333333334,3.873,3.4155,22.07,16.66,17.75,20,80,0,NA,NA,NA,NA,NA,NA,NA,NA,NA,NA,NA,NA,NA,NA
2018-05-31,2018,Summer,Upstream,01URSU18.UFR,01URSU18,UFR,45.9,508.35,124,69.49333333333334,3.873,3.4155,22.07,16.66,27.75,21.5,70,8.5,NA,NA,NA,NA,NA,NA,NA,NA,NA,NA,NA,NA,NA,NA
2018-05-31,2018,Summer,Upstream,01URSU18.USR,01URSU18,USR,45.9,508.35,124,69.49333333333334,3.873,3.4155,22.07,16.66,25.5,27,65,8,NA,NA,NA,NA,NA,NA,NA,NA,NA,NA,NA,NA,NA,NA
2018-06-05,2018,Summer,Downstream,02DRSU18.DM,02DRSU18,DM,76.2,502.7,97,60.18666666666667,3.873,3.402,23.76,17.17,27.25,16.5,82.5,1,NA,NA,NA,NA,NA,NA,NA,NA,NA,NA,NA,NA,NA,NA
2018-06-05,2018,Summer,Downstream,02DRSU18.DSP,02DRSU18,DSP,76.2,502.7,97,60.18666666666667,3.873,3.402,23.76,17.17,24.25,7,92.5,0.5,NA,NA,NA,NA,NA,NA,NA,NA,NA,NA,NA,NA,NA,NA
2018-06-05,2018,Summer,Downstream,02DRSU18.DFR,02DRSU18,DFR,76.2,502.7,97,60.18666666666667,3.873,3.402,23.76,17.17,26,10,89.5,0.5,NA,NA,NA,NA,NA,NA,NA,NA,NA,NA,NA,NA,NA,NA
2018-06-05,2018,Summer,Downstream,02DRSU18.DSH,02DRSU18,DSH,76.2,502.7,97,60.18666666666667,3.873,3.402,23.76,17.17,24,6,94,0,NA,NA,NA,NA,NA,NA,NA,NA,NA,NA,NA,NA,NA,NA
2018-06-05,2018,Summer,Downstream,02DRSU18.DSR,02DRSU18,DSR,76.2,502.7,97,60.18666666666667,3.873,3.402,23.76,17.17,34,19.5,77.5,3,NA,NA,NA,NA,NA,NA,NA,NA,NA,NA,NA,NA,NA,NA
2018-06-06,2018,Summer,Upstream,02URSU18.UM,02URSU18,UM,71.9,502.45,95.1,58.82333333333333,3.873,3.38,23.76,17.16,30.75,7.5,92.5,0,NA,NA,NA,NA,NA,NA,NA,NA,NA,NA,NA,NA,NA,NA
2018-06-06,2018,Summer,Upstream,02URSU18.USU,02URSU18,USU,71.9,502.45,95.1,58.82333333333333,3.873,3.38,23.76,17.16,19.5,6,93,1,NA,NA,NA,NA,NA,NA,NA,NA,NA,NA,NA,NA,NA,NA
2018-06-06,2018,Summer,Upstream,02URSU18.USH,02URSU18,USH,71.9,502.45,95.1,58.82333333333333,3.873,3.38,23.76,17.16,22,10,90,0,NA,NA,NA,NA,NA,NA,NA,NA,NA,NA,NA,NA,NA,NA
2018-06-06,2018,Summer,Upstream,02URSU18.USR,02URSU18,USR,71.9,502.45,95.1,58.82333333333333,3.873,3.38,23.76,17.16,28,30,62.5,7.5,NA,NA,NA,NA,NA,NA,NA,NA,NA,NA,NA,NA,NA,NA
2018-06-06,2018,Summer,Upstream,02URSU18.UFR,02URSU18,UFR,71.9,502.45,95.1,58.82333333333333,3.873,3.38,23.76,17.16,26.5,10,88.5,1.5,NA,NA,NA,NA,NA,NA,NA,NA,NA,NA,NA,NA,NA,NA
2018-06-07,2018,Summer,Downstream,03DRSU18.DFR,03DRSU18,DFR,71.9,504.1,95.1,57.33,3.873,3.357,23.76,17.255000000000003,13.5,20,75,5,NA,NA,NA,NA,NA,NA,NA,NA,NA,NA,NA,NA,NA,NA
2018-06-07,2018,Summer,Downstream,03DRSU18.DSR,03DRSU18,DSR,71.9,504.1,95.1,57.33,3.873,3.357,23.76,17.255000000000003,19.25,27.5,67,5.5,NA,NA,NA,NA,NA,NA,NA,NA,NA,NA,NA,NA,NA,NA
2018-06-07,2018,Summer,Downstream,03DRSU18.DSH,03DRSU18,DSH,71.9,504.1,95.1,57.33,3.873,3.357,23.76,17.255000000000003,14.75,22.5,76.5,1,NA,NA,NA,NA,NA,NA,NA,NA,NA,NA,NA,NA,NA,NA
2018-06-07,2018,Summer,Downstream,03DRSU18.DM,03DRSU18,DM,71.9,504.1,95.1,57.33,3.873,3.357,23.76,17.255000000000003,15,22.5,77,0.5,NA,NA,NA,NA,NA,NA,NA,NA,NA,NA,NA,NA,NA,NA
2018-06-07,2018,Summer,Downstream,03DRSU18.DSP,03DRSU18,DSP,71.9,504.1,95.1,57.33,3.873,3.357,23.76,17.255000000000003,14.5,27.5,72.5,0,NA,NA,NA,NA,NA,NA,NA,NA,NA,NA,NA,NA,NA,NA
2018-06-08,2018,Summer,Upstream,03URSU18.UM,03URSU18,UM,71.9,505.2,95.1,55.89333333333333,3.873,3.319,23.76,17.265,13,4.5,95,0.5,NA,NA,NA,NA,NA,NA,NA,NA,NA,NA,NA,NA,NA,NA
2018-06-08,2018,Summer,Upstream,03URSU18.USH,03URSU18,USH,71.9,505.2,95.1,55.89333333333333,3.873,3.319,23.76,17.265,23.5,26.5,72.5,1,NA,NA,NA,NA,NA,NA,NA,NA,NA,NA,NA,NA,NA,NA
2018-06-08,2018,Summer,Upstream,03URSU18.UFR,03URSU18,UFR,71.9,505.2,95.1,55.89333333333333,3.873,3.319,23.76,17.265,21.75,6,84,10,NA,NA,NA,NA,NA,NA,NA,NA,NA,NA,NA,NA,NA,NA
2018-06-08,2018,Summer,Upstream,03URSU18.USR,03URSU18,USR,71.9,505.2,95.1,55.89333333333333,3.873,3.319,23.76,17.265,22.75,29.5,60,10.5,NA,NA,NA,NA,NA,NA,NA,NA,NA,NA,NA,NA,NA,NA
2018-06-08,2018,Summer,Upstream,03URSU18.USU,03URSU18,USU,71.9,505.2,95.1,55.89333333333333,3.873,3.319,23.76,17.265,20.75,30,69,1,NA,NA,NA,NA,NA,NA,NA,NA,NA,NA,NA,NA,NA,NA
2018-09-17,2018,Fall,Downstream,01DRFA18.NA,01DRFA18,NA,107.3,637.8,385,107.95333333333332,142.4,2.531,26.08,20.61,NA,NA,NA,NA,2018-09-17T17:45:00Z,NA,NA,NA,7.47,21.3,9.12,NA,NA,NA,NA,NA,NA,NA
2018-09-24,2018,Fall,Upstream,01URFA18.NA,01URFA18,NA,150.9,620.1,880,130.45,871,2.58,26.08,20.23,NA,NA,NA,NA,2018-09-24T17:45:00Z,NA,NA,NA,7.61,13.1,10.86,NA,NA,NA,NA,NA,NA,NA
2018-09-25,2018,Fall,Downstream,02DRFA18.NA,02DRFA18,NA,150.9,611.2,880,145.19666666666666,871,2.573,26.08,20.15,NA,NA,NA,NA,2018-09-25T12:30:00Z,NA,NA,NA,7.614,NA,NA,NA,NA,NA,NA,NA,NA,NA
2018-10-02,2018,Fall,Upstream,02URFA18.NA,02URFA18,NA,242.1,547.8,880,212.01,871,3.28,26.03,18.345,NA,NA,NA,NA,2018-10-02T17:45:00Z,NA,NA,NA,7.42,16.6,10.62,NA,NA,NA,NA,NA,NA,NA
2018-10-04,2018,Fall,Upstream,03URFA18.NA,03URFA18,NA,260.59999999999997,528.65,880,228.73,871,3.6695,26.03,17.88,NA,NA,NA,NA,2018-10-04T18:00:00Z,NA,NA,NA,NA,NA,NA,NA,NA,NA,NA,NA,NA,NA
2018-10-11,2018,Fall,Downstream,03DRFA18.NA,03DRFA18,NA,208.9,511.5,880,249.33666666666667,871,3.3825000000000003,22.44,16.405,NA,NA,NA,NA,2018-10-11T12:20:00Z,NA,NA,NA,NA,NA,NA,NA,NA,NA,NA,NA,NA,NA
2019-05-28,2019,Summer,Downstream,01DRSU19.DSH,01DRSU19,DSH,69.8,384.75,259,151.83333333333334,1557,1,20.68,12.27,19.25,17.5,79,3.5,2019-05-28T15:05:00Z,42.315070000000006,-72.640965,71,7.475,17.1,10.275,37.5,0.587,10.25,126.65,NA,NA,NA
2019-05-28,2019,Summer,Downstream,01DRSU19.DFR,01DRSU19,DFR,69.8,384.75,259,151.83333333333334,1557,1,20.68,12.27,22.5,5,94,1,2019-05-28T14:19:00Z,42.3151,-72.64113499999999,62,7.48,17,10.23,56,0.1565,6.75,127.4,NA,NA,NA
2019-05-28,2019,Summer,Downstream,01DRSU19.DM,01DRSU19,DM,69.8,384.75,259,151.83333333333334,1557,1,20.68,12.27,22.75,20,78,2,2019-05-28T16:08:00Z,42.315075,-72.641115,63,7.47,16.9,10.295,62,0.2935,9.9,128.55,NA,NA,NA
2019-05-28,2019,Summer,Downstream,01DRSU19.DSR,01DRSU19,DSR,69.8,384.75,259,151.83333333333334,1557,1,20.68,12.27,22.5,9.5,89.5,1,2019-05-28T13:40:00Z,42.31493,-72.64101500000001,45.5,7.46,16.9,10.1,64,0.1865,6.95,128.05,NA,NA,NA
2019-05-28,2019,Summer,Downstream,01DRSU19.DSP,01DRSU19,DSP,69.8,384.75,259,151.83333333333334,1557,1,20.68,12.27,16.75,7.5,91,1.5,2019-05-28T15:36:00Z,42.33036,-72.64107,37,7.49,16.9,10.315,106,0.3195,7.65,127.325,NA,NA,NA
2019-05-30,2019,Summer,Upstream,01URSU19.UM,01URSU19,UM,75.89999999999999,396.65,259,141.72666666666666,1557,1.0005,20.68,13.125,29.75,27,72.5,0.5,2019-05-30T14:40:00Z,42.31936,-72.65478999999999,71.5,7.555,13.4,NA,142.5,0.325,6.6,116.8,NA,NA,NA
2019-05-30,2019,Summer,Upstream,01URSU19.USH,01URSU19,USH,75.89999999999999,396.65,259,141.72666666666666,1557,1.0005,20.68,13.125,42.75,20.5,79.5,0,2019-05-30T15:20:00Z,42.32038,-72.65375499999999,50.5,7.575,13.5,NA,73,0.551,6.55,107.85,NA,NA,NA
2019-05-30,2019,Summer,Upstream,01URSU19.USU,01URSU19,USU,75.89999999999999,396.65,259,141.72666666666666,1557,1.0005,20.68,13.125,24.15,10,89,1,2019-05-30T15:45:00Z,42.32038,-72.653535,65,7.57,13.5,NA,75,0.4565,5.1,107.7,NA,NA,NA
2019-05-30,2019,Summer,Upstream,01URSU19.UFR,01URSU19,UFR,75.89999999999999,396.65,259,141.72666666666666,1557,1.0005,20.68,13.125,38.150000000000006,17.5,81,1.5,2019-05-30T14:14:00Z,42.31933,-72.65465,51,7.545,13.3,11.105,39.5,0.0815,4.35,120.8,NA,NA,NA
2019-05-30,2019,Summer,Upstream,01URSU19.USR,01URSU19,USR,75.89999999999999,396.65,259,141.72666666666666,1557,1.0005,20.68,13.125,34,15,77.5,7.5,2019-05-30T13:41:00Z,42.319244999999995,-72.654875,55.5,7.52,13.2,11.02,64.5,0.1075,6.4,120.15,NA,NA,NA
2019-05-31,2019,Summer,Upstream,02URSU19.UM,02URSU19,UM,78.7,403.3,259,137.64,1557,0.9935,20.68,13.54,42.9,21,77.5,1.5,2019-05-31T14:24:00Z,42.31937,-72.65486,59,7.625,14.8,10.45,280.5,0.4725,3.7,116.95,NA,NA,NA
2019-05-31,2019,Summer,Upstream,02URSU19.USH,02URSU19,USH,78.7,403.3,259,137.64,1557,0.9935,20.68,13.54,24.65,17.5,84.5,1,2019-05-31T14:57:00Z,42.32045,-72.653845,63,7.640000000000001,14.9,10.364999999999998,125,0.2695,3.15,109.45,NA,NA,NA
2019-05-31,2019,Summer,Upstream,02URSU19.USR,02URSU19,USR,78.7,403.3,259,137.64,1557,0.9935,20.68,13.54,29.35,15,84.5,0.5,2019-05-31T13:36:00Z,42.319245,-72.654815,64,7.55,14.4,10.27,112.5,0.123,5.75,121.7,NA,NA,NA
2019-05-31,2019,Summer,Upstream,02URSU19.USU,02URSU19,USU,78.7,403.3,259,137.64,1557,0.9935,20.68,13.54,18.9,7.5,92.5,0,2019-05-31T15:20:00Z,42.320454999999995,-72.653605,50,7.645,15,10.365,180,0.3145,4.300000000000001,109.35,NA,NA,NA
2019-05-31,2019,Summer,Upstream,02URSU19.UFR,02URSU19,UFR,78.7,403.3,259,137.64,1557,0.9935,20.68,13.54,41.25,14,84.5,1.5,2019-05-31T14:00:00Z,42.3193,-72.654755,61,7.57,14.5,10.355,50,0.1565,5.9,120.95,NA,NA,NA
2019-06-03,2019,Summer,Downstream,02DRSU19.DSP,02DRSU19,DSP,65.2,427.7,249,121.80333333333331,1557,1.0779999999999998,20.68,14.34,22,20,80,0,2019-06-03T15:32:00Z,42.31542,-72.64118,51.5,7.56,16.3,9.84,1097.5,0.403,7.300000000000001,129.3,NA,NA,NA
2019-06-03,2019,Summer,Downstream,02DRSU19.DFR,02DRSU19,DFR,65.2,427.7,249,121.80333333333331,1557,1.0779999999999998,20.68,14.34,30.75,10,88.5,1.5,2019-06-03T14:11:00Z,42.315095,-72.64112,47,7.5,15.95,9.885000000000002,522.5,0.3285,7.1,130.1,NA,NA,NA
2019-06-03,2019,Summer,Downstream,02DRSU19.DM,02DRSU19,DM,65.2,427.7,249,121.80333333333331,1557,1.0779999999999998,20.68,14.34,28.5,7.5,92.5,0,2019-06-03T14:30:00Z,42.31513,-72.64113,54.5,7.495,15.65,9.815,1015.5,0.2115,6.8,129.14999999999998,NA,NA,NA
2019-06-03,2019,Summer,Downstream,02DRSU19.DSH,02DRSU19,DSH,65.2,427.7,249,121.80333333333331,1557,1.0779999999999998,20.68,14.34,21.5,17,82,1,2019-06-03T15:05:00Z,42.31533,-72.641115,43,7.51,16.25,9.864999999999998,139.5,0.398,7.25,129.5,NA,NA,NA
2019-06-03,2019,Summer,Downstream,02DRSU19.DSR,02DRSU19,DSR,65.2,427.7,249,121.80333333333331,1557,1.0779999999999998,20.68,14.34,24.5,3.5,91.5,5,2019-06-03T13:39:00Z,42.315055,-72.64113,48.5,7.47,15.8,9.875,56.5,0.155,7.65,130.95,NA,NA,NA
2019-06-04,2019,Summer,Downstream,03DRSU19.DSR,03DRSU19,DSR,62.4,424.65,249,116.33,1557,1.082,20.68,14.64,18.25,12.5,85.5,2,2019-06-04T13:30:00Z,42.314885,-72.64111,36.5,7.435,14.5,10.24,55,0.121,7.550000000000001,126.25,NA,NA,NA
2019-06-04,2019,Summer,Downstream,03DRSU19.DSP,03DRSU19,DSP,62.4,424.65,249,116.33,1557,1.082,20.68,14.64,17.6,11,89,0,2019-06-04T15:15:00Z,42.320425,-72.6411,42.5,7.515000000000001,15,10.22,1502,0.1515,7.65,126.55,NA,NA,NA
2019-06-04,2019,Summer,Downstream,03DRSU19.DFR,03DRSU19,DFR,62.4,424.65,249,116.33,1557,1.082,20.68,14.64,22.75,18.5,77.5,4,2019-06-04T14:05:00Z,42.315005,-72.64134999999999,72,7.435,14.6,10.26,76.5,0.4195,6.25,125.4,NA,NA,NA
2019-06-04,2019,Summer,Downstream,03DRSU19.DSH,03DRSU19,DSH,62.4,424.65,249,116.33,1557,1.082,20.68,14.64,18.75,15,80.5,4.5,2019-06-04T14:56:00Z,42.315335000000005,-72.64118500000001,50.5,7.48,14.9,10.265,48,0.4795,8.35,127.15,NA,NA,NA
2019-06-04,2019,Summer,Downstream,03DRSU19.DM,03DRSU19,DM,62.4,424.65,249,116.33,1557,1.082,20.68,14.64,24.25,15,81.5,1,2019-06-04T14:27:00Z,42.31514,-72.64115000000001,55,7.445,14.5,10.22,1176,0.151,5.6,124.5,NA,NA,NA
2019-06-05,2019,Summer,Upstream,03URSU19.UM,03URSU19,UM,59.9,429.1,249,111.67,1557,1.115,20.68,14.83,24.6,7,91.5,1.5,2019-06-05T14:48:00Z,42.31934,-72.65483499999999,63.5,7.755,15.35,10.37,390,0.2265,3.85,132.39999999999998,NA,NA,NA
2019-06-05,2019,Summer,Upstream,03URSU19.USR,03URSU19,USR,59.9,429.1,249,111.67,1557,1.115,20.68,14.83,18.2,22.5,74,3.5,2019-06-05T13:36:00Z,42.31919499999999,-72.65484000000001,53.5,7.67,15.1,10.315,162.5,0.047,4.1,137.25,NA,NA,NA
2019-06-05,2019,Summer,Upstream,03URSU19.USU,03URSU19,USU,59.9,429.1,249,111.67,1557,1.115,20.68,14.83,25.200000000000003,15,83,2,2019-06-05T15:37:00Z,42.32037,-72.653595,50.5,7.76,15.9,10.295,1271.5,0.4305,5.7,121.9,NA,NA,NA
2019-06-05,2019,Summer,Upstream,03URSU19.UFR,03URSU19,UFR,59.9,429.1,249,111.67,1557,1.115,20.68,14.83,37.7,5,91,4,2019-06-05T14:02:00Z,42.319215,-72.65460999999999,64.5,7.705,15.1,10.325,48.5,0.0065,4.95,136.5,NA,NA,NA
2019-06-05,2019,Summer,Upstream,03URSU19.USH,03URSU19,USH,59.9,429.1,249,111.67,1557,1.115,20.68,14.83,29.05,15,84.5,0.5,2019-06-05T15:17:00Z,42.32053500000001,-72.6337,58,7.76,15.7,10.315,97.5,0.175,5.7,120.85,NA,NA,NA
2019-09-16,2019,Fall,Upstream,01URFA19.UFR,01URFA19,UFR,68.3,562.45,32.9,12.951333333333332,104.8,5.6585,26.87,20.73,34,24,72.5,5,2019-09-16T18:05:00Z,42.3103,-72.65462,54,8.08,17.3,10.45,NA,NA,6.633333333333334,197.03333333333333,NA,NA,NA
2019-09-16,2019,Fall,Upstream,01URFA19.USH,01URFA19,USH,68.3,562.45,32.9,12.951333333333332,104.8,5.6585,26.87,20.73,45.25,27.5,57.5,15,2019-09-16T18:10:00Z,42.32043,-72.65364,71,8.11,17.3,10.35,NA,NA,4.6,198.9,NA,NA,NA
2019-09-16,2019,Fall,Upstream,01URFA19.UM,01URFA19,UM,68.3,562.45,32.9,12.951333333333332,104.8,5.6585,26.87,20.73,15.75,6,91.5,2.5,2019-09-16T18:05:00Z,42.31929,-72.65477,65,8.14,17.5,10.43,NA,NA,4.866666666666667,195.96666666666667,NA,NA,NA
2019-09-16,2019,Fall,Upstream,01URFA19.USR,01URFA19,USR,68.3,562.45,32.9,12.951333333333332,104.8,5.6585,26.87,20.73,18.75,25,37.5,7.5,2019-09-16T18:04:00Z,42.31021,-72.6547,51,8.05,17.2,10.38,NA,NA,12.333333333333334,196.03333333333333,NA,NA,NA
2019-09-16,2019,Fall,Upstream,01URFA19.USU,01URFA19,USU,68.3,562.45,32.9,12.951333333333332,104.8,5.6585,26.87,20.73,9,21.5,75.5,4,2019-09-16T18:14:00Z,42.32042,-7265350,31,8.11,17.3,10.37,NA,NA,5.766666666666667,192.03333333333333,NA,NA,NA
2019-09-17,2019,Fall,Downstream,01DRFA19.DFR,01DRFA19,DFR,51.8,552.75,31,12.132,104.8,5.638,26.87,20.55,17,47.5,45,7.5,2019-09-17T18:00:00Z,42.31504,-72.64114,44,7.48,19.1,9.83,NA,NA,10.6,204.6,NA,NA,NA
2019-09-17,2019,Fall,Downstream,01DRFA19.DM,01DRFA19,DM,51.8,552.75,31,12.132,104.8,5.638,26.87,20.55,20.25,7.5,91,1.5,2019-09-17T17:49:00Z,42.31509,-72.64103,41,7.48,19.2,9.91,NA,NA,14.1,211.36666666666667,NA,NA,NA
2019-09-17,2019,Fall,Downstream,01DRFA19.DSH,01DRFA19,DSH,51.8,552.75,31,12.132,104.8,5.638,26.87,20.55,15.25,22.5,75,2.5,2019-09-17T17:49:00Z,42.31531,-72.6412,53,7.48,19.3,10.03,NA,NA,7.833333333333333,203.66666666666663,NA,NA,NA
2019-09-17,2019,Fall,Downstream,01DRFA19.DSP,01DRFA19,DSP,51.8,552.75,31,12.132,104.8,5.638,26.87,20.55,14.25,16.5,81.5,2,2019-09-17T17:50:00Z,42.31532,-72.64103,43,7.51,19.2,9.91,NA,NA,9.233333333333333,204.36666666666667,NA,NA,NA
2019-09-17,2019,Fall,Downstream,01DRFA19.DSR,01DRFA19,DSR,51.8,552.75,31,12.132,104.8,5.638,26.87,20.55,19.75,30,55,15,2019-09-17T17:48:00Z,42.31507,-72.64112,40,7.43,19,9.73,NA,NA,8.666666666666666,206.06666666666663,NA,NA,NA
2019-09-23,2019,Fall,Downstream,02DRFA19.DFR,02DRFA19,DFR,37,509.2,31,10.704666666666666,148,5.427,23.94,19.725,14.6,22.5,67.5,10,2019-09-23T17:35:00Z,NA,NA,47,7.57,19.7,9.9,NA,NA,8.1,219.76666666666668,NA,NA,NA
2019-09-23,2019,Fall,Downstream,02DRFA19.DM,02DRFA19,DM,37,509.2,31,10.704666666666666,148,5.427,23.94,19.725,15.75,9,89,2,2019-09-23T18:00:00Z,NA,NA,52,7.63,19.8,9.93,NA,NA,7.666666666666667,218.76666666666668,NA,NA,NA
2019-09-23,2019,Fall,Downstream,02DRFA19.DSH,02DRFA19,DSH,37,509.2,31,10.704666666666666,148,5.427,23.94,19.725,20.5,15,57.5,27.5,2019-09-23T17:34:00Z,NA,NA,47,7.58,19.5,10.03,NA,NA,7.366666666666667,219.3,NA,NA,NA
2019-09-23,2019,Fall,Downstream,02DRFA19.DSP,02DRFA19,DSP,37,509.2,31,10.704666666666666,148,5.427,23.94,19.725,4,20,62.5,12.5,2019-09-23T17:36:00Z,NA,NA,43,7.56,19.5,10,NA,NA,7.966666666666667,217.96666666666667,NA,NA,NA
2019-09-23,2019,Fall,Downstream,02DRFA19.DSR,02DRFA19,DSR,37,509.2,31,10.704666666666666,148,5.427,23.94,19.725,18.25,35.5,62.5,2,2019-09-23T17:35:00Z,NA,NA,47,7.56,20,9.7,NA,NA,22.566666666666663,221.56666666666663,NA,NA,NA
2019-09-24,2019,Fall,Upstream,02URFA19.UFR,02URFA19,UFR,38.5,515.05,31,10.613333333333332,148,5.415,23.94,19.66,28.5,20,76.5,3.5,2019-09-24T18:00:00Z,42.31936,-72.65463,61,8.06,18.3,10.44,NA,NA,6.533333333333333,211.2,NA,NA,NA
2019-09-24,2019,Fall,Upstream,02URFA19.USH,02URFA19,USH,38.5,515.05,31,10.613333333333332,148,5.415,23.94,19.66,47,12.5,72.5,15,2019-09-24T17:55:00Z,42.32052,-72.65364,61,8.1,18.3,10.22,NA,NA,4.966666666666667,213.13333333333333,NA,NA,NA
2019-09-24,2019,Fall,Upstream,02URFA19.USU,02URFA19,USU,38.5,515.05,31,10.613333333333332,148,5.415,23.94,19.66,26,30,62.5,7.5,2019-09-24T17:52:00Z,42.32037,-72.65355,74,8.12,18.4,9.98,NA,NA,6.866666666666666,212.2,NA,NA,NA
2019-09-24,2019,Fall,Upstream,02URFA19.UM,02URFA19,UM,38.5,515.05,31,10.613333333333332,148,5.415,23.94,19.66,14.5,15,45,37.5,2019-09-24T17:57:00Z,42.31937,-72.6548,51,8.2,18.4,10.55,NA,NA,4.566666666666666,214.36666666666667,NA,NA,NA
2019-09-24,2019,Fall,Upstream,02URFA19.USR,02URFA19,USR,38.5,515.05,31,10.613333333333332,148,5.415,23.94,19.66,16.75,35,57.5,7.5,2019-09-24T17:55:00Z,42.31921,-72.65492,71,7.75,18,10.08,NA,NA,16.466666666666665,222.36666666666667,NA,NA,NA
2019-09-26,2019,Fall,Downstream,03DRFA19.DFR,03DRFA19,DFR,38.5,513.6999999999999,31,10.516,148,5.365,23.94,19.58,17,22.5,70,7.5,2019-09-26T18:04:00Z,NA,NA,NA,7.42,NA,NA,NA,NA,12.066666666666666,214.6,NA,NA,NA
2019-09-26,2019,Fall,Downstream,03DRFA19.DM,03DRFA19,DM,38.5,513.6999999999999,31,10.516,148,5.365,23.94,19.58,11,25,70,5,2019-09-26T18:04:00Z,NA,NA,NA,7.4,NA,NA,NA,NA,9.5,219.2,NA,NA,NA
2019-09-26,2019,Fall,Downstream,03DRFA19.DSH,03DRFA19,DSH,38.5,513.6999999999999,31,10.516,148,5.365,23.94,19.58,14.5,22.5,72.5,5,2019-09-26T18:04:00Z,NA,NA,NA,7.4,NA,NA,NA,NA,14.633333333333333,217.2,NA,NA,NA
2019-09-26,2019,Fall,Downstream,03DRFA19.DSR,03DRFA19,DSR,38.5,513.6999999999999,31,10.516,148,5.365,23.94,19.58,15.5,17.5,81.5,1,2019-09-26T18:06:00Z,NA,NA,NA,7.45,NA,NA,NA,NA,27.233333333333334,219.16666666666663,NA,NA,NA
2019-09-26,2019,Fall,Downstream,03DRFA19.DSP,03DRFA19,DSP,38.5,513.6999999999999,31,10.516,148,5.365,23.94,19.58,14.75,22.5,75,2.5,2019-09-26T18:08:00Z,NA,NA,NA,7.36,NA,NA,NA,NA,16.566666666666666,218.23333333333335,NA,NA,NA
2019-10-03,2019,Fall,Upstream,03URFA19.USH,03URFA19,USH,25.3,495.95,15.1,8.810333333333334,246.7,5.275,22.85,18.69,43.25,15,77.5,12.5,2019-10-03T17:55:00Z,NA,NA,NA,7.98,NA,NA,NA,NA,9.2,219.725,NA,NA,NA
2019-10-03,2019,Fall,Upstream,03URFA19.USU,03URFA19,USU,25.3,495.95,15.1,8.810333333333334,246.7,5.275,22.85,18.69,12,52.5,37.5,10,2019-10-03T17:55:00Z,NA,NA,NA,7.95,NA,NA,NA,NA,10.466666666666669,217.3,NA,NA,NA
2019-10-03,2019,Fall,Upstream,03URFA19.USR,03URFA19,USR,25.3,495.95,15.1,8.810333333333334,246.7,5.275,22.85,18.69,29,10,55,10,2019-10-03T17:55:00Z,NA,NA,NA,8,NA,NA,NA,NA,11.35,218.475,NA,NA,NA
2019-10-03,2019,Fall,Upstream,03URFA19.UM,03URFA19,UM,25.3,495.95,15.1,8.810333333333334,246.7,5.275,22.85,18.69,25.5,20,72.5,7.5,2019-10-03T17:55:00Z,NA,NA,NA,7.96,NA,NA,NA,NA,7.5,218.56666666666663,NA,NA,NA
2019-10-03,2019,Fall,Upstream,03URFA19.UFR,03URFA19,UFR,25.3,495.95,15.1,8.810333333333334,246.7,5.275,22.85,18.69,26,15,80,5,2019-10-03T17:55:00Z,NA,NA,NA,7.98,NA,NA,NA,NA,9.933333333333334,218.1,NA,NA,NA
2020-06-05,2020,Summer,Upstream,01URSU20.USH,01URSU20,USH,25.8,429.65,147,73.19,1557,4.112500000000001,24.07,15.835,17.25,25,70,5,NA,NA,NA,NA,NA,NA,NA,NA,NA,NA,NA,NA,NA,NA
2020-06-05,2020,Summer,Upstream,01URSU20.USR,01URSU20,USR,25.8,429.65,147,73.19,1557,4.112500000000001,24.07,15.835,28.25,5,82.5,12.5,NA,NA,NA,NA,NA,NA,NA,NA,NA,NA,NA,NA,NA,NA
2020-06-05,2020,Summer,Upstream,01URSU20.UM,01URSU20,UM,25.8,429.65,147,73.19,1557,4.112500000000001,24.07,15.835,28,37.5,61.5,1,NA,NA,NA,NA,NA,NA,NA,NA,NA,NA,NA,NA,NA,NA
2020-06-05,2020,Summer,Upstream,01URSU20.USU,01URSU20,USU,25.8,429.65,147,73.19,1557,4.112500000000001,24.07,15.835,15.5,30,65,5,NA,NA,NA,NA,NA,NA,NA,NA,NA,NA,NA,NA,NA,NA
2020-06-05,2020,Summer,Upstream,01URSU20.UFR,01URSU20,UFR,25.8,429.65,147,73.19,1557,4.112500000000001,24.07,15.835,31.5,12,82.5,3,NA,NA,NA,NA,NA,NA,NA,NA,NA,NA,NA,NA,NA,NA
2020-06-06,2020,Summer,Downstream,01DRSU20.DFR,01DRSU20,DFR,25.8,445.2,135,69.5,1557,4.229,24.07,16.06,18.5,12,86,2,NA,NA,NA,NA,NA,NA,NA,NA,NA,NA,NA,NA,NA,NA
2020-06-06,2020,Summer,Downstream,01DRSU20.DM,01DRSU20,DM,25.8,445.2,135,69.5,1557,4.229,24.07,16.06,15.5,10,88,2,NA,NA,NA,NA,NA,NA,NA,NA,NA,NA,NA,NA,NA,NA
2020-06-06,2020,Summer,Downstream,01DRSU20.DSH,01DRSU20,DSH,25.8,445.2,135,69.5,1557,4.229,24.07,16.06,14,10,90,0,NA,NA,NA,NA,NA,NA,NA,NA,NA,NA,NA,NA,NA,NA
2020-06-06,2020,Summer,Downstream,01DRSU20.DSR,01DRSU20,DSR,25.8,445.2,135,69.5,1557,4.229,24.07,16.06,19,9,90,1,NA,NA,NA,NA,NA,NA,NA,NA,NA,NA,NA,NA,NA,NA
2020-06-06,2020,Summer,Downstream,01DRSU20.DSP,01DRSU20,DSP,25.8,445.2,135,69.5,1557,4.229,24.07,16.06,15,20,75,5,NA,NA,NA,NA,NA,NA,NA,NA,NA,NA,NA,NA,NA,NA
2020-06-07,2020,Summer,Downstream,02DRSU20.DFR,02DRSU20,DFR,27.3,454.65,135,66.05666666666667,1557,4.357,24.19,16.34,16.4,15,70,15,NA,NA,NA,NA,NA,NA,NA,NA,NA,NA,NA,NA,NA,NA
2020-06-07,2020,Summer,Downstream,02DRSU20.DSH,02DRSU20,DSH,27.3,454.65,135,66.05666666666667,1557,4.357,24.19,16.34,16.8,5,95,0,NA,NA,NA,NA,NA,NA,NA,NA,NA,NA,NA,NA,NA,NA
2020-06-07,2020,Summer,Downstream,02DRSU20.DSP,02DRSU20,DSP,27.3,454.65,135,66.05666666666667,1557,4.357,24.19,16.34,11.9,30,65,5,NA,NA,NA,NA,NA,NA,NA,NA,NA,NA,NA,NA,NA,NA
2020-06-07,2020,Summer,Downstream,02DRSU20.DSR,02DRSU20,DSR,27.3,454.65,135,66.05666666666667,1557,4.357,24.19,16.34,19,10,85,5,NA,NA,NA,NA,NA,NA,NA,NA,NA,NA,NA,NA,NA,NA
2020-06-07,2020,Summer,Upstream,02URSU20.UFR,02URSU20,UFR,27.3,454.65,135,66.05666666666667,1557,4.357,24.19,16.34,32.05,22.5,75,2.5,NA,NA,NA,NA,NA,NA,NA,NA,NA,NA,NA,NA,NA,NA
2020-06-07,2020,Summer,Upstream,02URSU20.UM,02URSU20,UM,27.3,454.65,135,66.05666666666667,1557,4.357,24.19,16.34,24.35,45,55,0,NA,NA,NA,NA,NA,NA,NA,NA,NA,NA,NA,NA,NA,NA
2020-06-07,2020,Summer,Upstream,02URSU20.USH,02URSU20,USH,27.3,454.65,135,66.05666666666667,1557,4.357,24.19,16.34,25.6,37.5,55,7.5,NA,NA,NA,NA,NA,NA,NA,NA,NA,NA,NA,NA,NA,NA
2020-06-07,2020,Summer,Upstream,02URSU20.USR,02URSU20,USR,27.3,454.65,135,66.05666666666667,1557,4.357,24.19,16.34,15.85,30,62.5,7.5,NA,NA,NA,NA,NA,NA,NA,NA,NA,NA,NA,NA,NA,NA
2020-06-07,2020,Summer,Upstream,02URSU20.USU,02URSU20,USU,27.3,454.65,135,66.05666666666667,1557,4.357,24.19,16.34,15,22.5,75,2.5,NA,NA,NA,NA,NA,NA,NA,NA,NA,NA,NA,NA,NA,NA
2020-06-07,2020,Summer,Downstream,02DRSU20.DM,02DRSU20,DM,27.3,454.65,135,66.05666666666667,1557,4.357,24.19,16.34,16.1,3,95,2,NA,NA,NA,NA,NA,NA,NA,NA,NA,NA,NA,NA,NA,NA
2020-06-08,2020,Summer,Upstream,03URSU20.UM,03URSU20,UM,21.5,460.8,117,62.48,1557,4.4915,24.19,16.595,19.4,27.5,72.5,0,NA,NA,NA,NA,NA,NA,NA,NA,NA,NA,NA,NA,NA,NA
2020-06-08,2020,Summer,Upstream,03URSU20.USU,03URSU20,USU,21.5,460.8,117,62.48,1557,4.4915,24.19,16.595,19.1,43,55,2,NA,NA,NA,NA,NA,NA,NA,NA,NA,NA,NA,NA,NA,NA
2020-06-08,2020,Summer,Upstream,03URSU20.UFR,03URSU20,UFR,21.5,460.8,117,62.48,1557,4.4915,24.19,16.595,31.7,35,65,0,NA,NA,NA,NA,NA,NA,NA,NA,NA,NA,NA,NA,NA,NA
2020-06-08,2020,Summer,Upstream,03URSU20.USH,03URSU20,USH,21.5,460.8,117,62.48,1557,4.4915,24.19,16.595,17.4,32,67.5,0.5,NA,NA,NA,NA,NA,NA,NA,NA,NA,NA,NA,NA,NA,NA
2020-06-08,2020,Summer,Upstream,03URSU20.USR,03URSU20,USR,21.5,460.8,117,62.48,1557,4.4915,24.19,16.595,22.799999999999997,46,40,14,NA,NA,NA,NA,NA,NA,NA,NA,NA,NA,NA,NA,NA,NA
2020-06-09,2020,Summer,Downstream,03DRSU20.DSP,03DRSU20,DSP,21.5,475.25,116,59.39666666666667,1557,4.6225000000000005,24.19,16.82,11.5,37,60,3,NA,NA,NA,NA,NA,NA,NA,NA,NA,NA,NA,NA,NA,NA
2020-06-09,2020,Summer,Downstream,03DRSU20.DM,03DRSU20,DM,21.5,475.25,116,59.39666666666667,1557,4.6225000000000005,24.19,16.82,18,20,78,2,NA,NA,NA,NA,NA,NA,NA,NA,NA,NA,NA,NA,NA,NA
2020-06-09,2020,Summer,Downstream,03DRSU20.DSH,03DRSU20,DSH,21.5,475.25,116,59.39666666666667,1557,4.6225000000000005,24.19,16.82,14.5,19,80,1,NA,NA,NA,NA,NA,NA,NA,NA,NA,NA,NA,NA,NA,NA
2020-06-09,2020,Summer,Downstream,03DRSU20.DSR,03DRSU20,DSR,21.5,475.25,116,59.39666666666667,1557,4.6225000000000005,24.19,16.82,16,20,75,5,NA,NA,NA,NA,NA,NA,NA,NA,NA,NA,NA,NA,NA,NA
2020-06-09,2020,Summer,Downstream,03DRSU20.DFR,03DRSU20,DFR,21.5,475.25,116,59.39666666666667,1557,4.6225000000000005,24.19,16.82,15,35,60,5,NA,NA,NA,NA,NA,NA,NA,NA,NA,NA,NA,NA,NA,NA
2020-09-18,2020,Fall,Downstream,01DRFA20.DSP,01DRFA20,DSP,77.8,564.55,30,11.475333333333332,3.779,2.989,27.16,21.51,11.5,27.5,70,2.5,NA,NA,NA,NA,NA,NA,NA,NA,NA,NA,NA,NA,NA,NA
2020-09-18,2020,Fall,Downstream,01DRFA20.DFR,01DRFA20,DFR,77.8,564.55,30,11.475333333333332,3.779,2.989,27.16,21.51,15.25,25,67.5,7.5,NA,NA,NA,NA,NA,NA,NA,NA,NA,NA,NA,NA,NA,NA
2020-09-18,2020,Fall,Downstream,01DRFA20.DSH,01DRFA20,DSH,77.8,564.55,30,11.475333333333332,3.779,2.989,27.16,21.51,11.25,22.5,75,2.5,NA,NA,NA,NA,NA,NA,NA,NA,NA,NA,NA,NA,NA,NA
2020-09-18,2020,Fall,Downstream,01DRFA20.DSR,01DRFA20,DSR,77.8,564.55,30,11.475333333333332,3.779,2.989,27.16,21.51,16.25,7.5,86,6.5,NA,NA,NA,NA,NA,NA,NA,NA,NA,NA,NA,NA,NA,NA
2020-09-18,2020,Fall,Downstream,01DRFA20.DM,01DRFA20,DM,77.8,564.55,30,11.475333333333332,3.779,2.989,27.16,21.51,16.25,15,81.5,3.5,NA,NA,NA,NA,NA,NA,NA,NA,NA,NA,NA,NA,NA,NA
2020-09-19,2020,Fall,Upstream,01URFA20.UM,01URFA20,UM,67.6,556.2,30,11.461333333333334,3.779,2.971,27.16,21.35,14,7,92.5,0.5,NA,NA,NA,NA,NA,NA,NA,NA,NA,NA,NA,NA,NA,NA
2020-09-19,2020,Fall,Upstream,01URFA20.USU,01URFA20,USU,67.6,556.2,30,11.461333333333334,3.779,2.971,27.16,21.35,27.25,45,50,5,NA,NA,NA,NA,NA,NA,NA,NA,NA,NA,NA,NA,NA,NA
2020-09-19,2020,Fall,Upstream,01URFA20.UFR,01URFA20,UFR,67.6,556.2,30,11.461333333333334,3.779,2.971,27.16,21.35,23,6.5,85,8.5,NA,NA,NA,NA,NA,NA,NA,NA,NA,NA,NA,NA,NA,NA
2020-09-19,2020,Fall,Upstream,01URFA20.USR,01URFA20,USR,67.6,556.2,30,11.461333333333334,3.779,2.971,27.16,21.35,15,27.5,65,7.5,NA,NA,NA,NA,NA,NA,NA,NA,NA,NA,NA,NA,NA,NA
2020-09-19,2020,Fall,Upstream,01URFA20.USH,01URFA20,USH,67.6,556.2,30,11.461333333333334,3.779,2.971,27.16,21.35,19.75,20,72.5,7.5,NA,NA,NA,NA,NA,NA,NA,NA,NA,NA,NA,NA,NA,NA
2020-09-20,2020,Fall,Downstream,02DRFA20.DFR,02DRFA20,DFR,67.6,546.45,30,11.459333333333332,3.779,2.957,27.16,21.2,17.25,10,80,10,NA,NA,NA,NA,NA,NA,NA,NA,NA,NA,NA,NA,NA,NA
2020-09-20,2020,Fall,Downstream,02DRFA20.DM,02DRFA20,DM,67.6,546.45,30,11.459333333333332,3.779,2.957,27.16,21.2,15.75,17.5,77.5,5,NA,NA,NA,NA,NA,NA,NA,NA,NA,NA,NA,NA,NA,NA
2020-09-20,2020,Fall,Downstream,02DRFA20.DSH,02DRFA20,DSH,67.6,546.45,30,11.459333333333332,3.779,2.957,27.16,21.2,15,12.5,70,17.5,NA,NA,NA,NA,NA,NA,NA,NA,NA,NA,NA,NA,NA,NA
2020-09-20,2020,Fall,Downstream,02DRFA20.DSP,02DRFA20,DSP,67.6,546.45,30,11.459333333333332,3.779,2.957,27.16,21.2,11.5,17.5,72.5,10,NA,NA,NA,NA,NA,NA,NA,NA,NA,NA,NA,NA,NA,NA
2020-09-20,2020,Fall,Downstream,02DRFA20.DSR,02DRFA20,DSR,67.6,546.45,30,11.459333333333332,3.779,2.957,27.16,21.2,14,16.5,75,8.5,NA,NA,NA,NA,NA,NA,NA,NA,NA,NA,NA,NA,NA,NA
2020-09-25,2020,Fall,Upstream,02URFA20.UM,02URFA20,UM,67.6,488.6,30,11.551,3.534,2.844,24.92,20.36,16,7.5,85,7.5,NA,NA,NA,NA,NA,NA,NA,NA,NA,NA,NA,NA,NA,NA
2020-09-25,2020,Fall,Upstream,02URFA20.USH,02URFA20,USH,67.6,488.6,30,11.551,3.534,2.844,24.92,20.36,22.5,20,75,5,NA,NA,NA,NA,NA,NA,NA,NA,NA,NA,NA,NA,NA,NA
2020-09-25,2020,Fall,Upstream,02URFA20.USR,02URFA20,USR,67.6,488.6,30,11.551,3.534,2.844,24.92,20.36,14,10,85,5,NA,NA,NA,NA,NA,NA,NA,NA,NA,NA,NA,NA,NA,NA
2020-09-25,2020,Fall,Upstream,02URFA20.USU,02URFA20,USU,67.6,488.6,30,11.551,3.534,2.844,24.92,20.36,20.25,25,70,5,NA,NA,NA,NA,NA,NA,NA,NA,NA,NA,NA,NA,NA,NA
2020-09-25,2020,Fall,Upstream,02URFA20.UFR,02URFA20,UFR,67.6,488.6,30,11.551,3.534,2.844,24.92,20.36,32.5,35,60,5,NA,NA,NA,NA,NA,NA,NA,NA,NA,NA,NA,NA,NA,NA
2020-09-26,2020,Fall,Downstream,03DRFA20.DFR,03DRFA20,DFR,67.6,491.65,30,11.526,3.534,2.8315,24.34,20.2,14.75,12.5,77.5,10,NA,NA,NA,NA,NA,NA,NA,NA,NA,NA,NA,NA,NA,NA
2020-09-26,2020,Fall,Downstream,03DRFA20.DSP,03DRFA20,DSP,67.6,491.65,30,11.526,3.534,2.8315,24.34,20.2,13.5,12.5,82.5,5,NA,NA,NA,NA,NA,NA,NA,NA,NA,NA,NA,NA,NA,NA
2020-09-26,2020,Fall,Downstream,03DRFA20.DSR,03DRFA20,DSR,67.6,491.65,30,11.526,3.534,2.8315,24.34,20.2,13,7.5,87.5,5,NA,NA,NA,NA,NA,NA,NA,NA,NA,NA,NA,NA,NA,NA
2020-09-26,2020,Fall,Downstream,03DRFA20.DM,03DRFA20,DM,67.6,491.65,30,11.526,3.534,2.8315,24.34,20.2,11,7.5,85,7.5,NA,NA,NA,NA,NA,NA,NA,NA,NA,NA,NA,NA,NA,NA
2020-09-26,2020,Fall,Downstream,03DRFA20.DSH,03DRFA20,DSH,67.6,491.65,30,11.526,3.534,2.8315,24.34,20.2,14.25,7.5,82.5,10,NA,NA,NA,NA,NA,NA,NA,NA,NA,NA,NA,NA,NA,NA
2020-09-27,2020,Fall,Upstream,03URFA20.USU,03URFA20,USU,49.6,493.6,30,11.330333333333334,3.534,2.825,24.34,20.01,19,12.5,82.5,5,NA,NA,NA,NA,NA,NA,NA,NA,NA,NA,NA,NA,NA,NA
2020-09-27,2020,Fall,Upstream,03URFA20.USR,03URFA20,USR,49.6,493.6,30,11.330333333333334,3.534,2.825,24.34,20.01,13.25,10,82.5,7.5,NA,NA,NA,NA,NA,NA,NA,NA,NA,NA,NA,NA,NA,NA
2020-09-27,2020,Fall,Upstream,03URFA20.USH,03URFA20,USH,49.6,493.6,30,11.330333333333334,3.534,2.825,24.34,20.01,14.75,35,57.5,7.5,NA,NA,NA,NA,NA,NA,NA,NA,NA,NA,NA,NA,NA,NA
2020-09-27,2020,Fall,Upstream,03URFA20.UFR,03URFA20,UFR,49.6,493.6,30,11.330333333333334,3.534,2.825,24.34,20.01,27,27.5,67.5,5,NA,NA,NA,NA,NA,NA,NA,NA,NA,NA,NA,NA,NA,NA
2020-09-27,2020,Fall,Upstream,03URFA20.UM,03URFA20,UM,49.6,493.6,30,11.330333333333334,3.534,2.825,24.34,20.01,13.25,22.5,67.5,10,NA,NA,NA,NA,NA,NA,NA,NA,NA,NA,NA,NA,NA,NA
2021-06-02,2021,Summer,Upstream,01URSU21.USH,01URSU21,USH,132.2,438.1,707,130.44333333333333,1236,14.614999999999998,21.76,13.58,21,10,90,0,NA,NA,NA,NA,NA,NA,NA,NA,NA,NA,NA,NA,NA,NA
2021-06-02,2021,Summer,Upstream,01URSU21.UM,01URSU21,UM,132.2,438.1,707,130.44333333333333,1236,14.614999999999998,21.76,13.58,32,5,95,0,NA,NA,NA,NA,NA,NA,NA,NA,NA,NA,NA,NA,NA,NA
2021-06-02,2021,Summer,Upstream,01URSU21.USU,01URSU21,USU,132.2,438.1,707,130.44333333333333,1236,14.614999999999998,21.76,13.58,21,20,80,0,NA,NA,NA,NA,NA,NA,NA,NA,NA,NA,NA,NA,NA,NA
2021-06-02,2021,Summer,Upstream,01URSU21.UFR,01URSU21,UFR,132.2,438.1,707,130.44333333333333,1236,14.614999999999998,21.76,13.58,36.5,5,95,0,NA,NA,NA,NA,NA,NA,NA,NA,NA,NA,NA,NA,NA,NA
2021-06-02,2021,Summer,Upstream,01URSU21.USR,01URSU21,USR,132.2,438.1,707,130.44333333333333,1236,14.614999999999998,21.76,13.58,24,10,90,0,NA,NA,NA,NA,NA,NA,NA,NA,NA,NA,NA,NA,NA,NA
2021-06-03,2021,Summer,Downstream,01DRSU21.DSP,01DRSU21,DSP,120,440.6,707,126.62666666666668,1236,15.15,21.76,14.075,12,15,85,0,NA,NA,NA,NA,NA,NA,NA,NA,NA,NA,NA,NA,NA,NA
2021-06-03,2021,Summer,Downstream,01DRSU21.DFR,01DRSU21,DFR,120,440.6,707,126.62666666666668,1236,15.15,21.76,14.075,14.75,15,80,5,NA,NA,NA,NA,NA,NA,NA,NA,NA,NA,NA,NA,NA,NA
2021-06-03,2021,Summer,Downstream,01DRSU21.DSH,01DRSU21,DSH,120,440.6,707,126.62666666666668,1236,15.15,21.76,14.075,18,15,85,0,NA,NA,NA,NA,NA,NA,NA,NA,NA,NA,NA,NA,NA,NA
2021-06-03,2021,Summer,Downstream,01DRSU21.DM,01DRSU21,DM,120,440.6,707,126.62666666666668,1236,15.15,21.76,14.075,26,30,63,7,NA,NA,NA,NA,NA,NA,NA,NA,NA,NA,NA,NA,NA,NA
2021-06-03,2021,Summer,Downstream,01DRSU21.DSR,01DRSU21,DSR,120,440.6,707,126.62666666666668,1236,15.15,21.76,14.075,12.9,25,70,5,NA,NA,NA,NA,NA,NA,NA,NA,NA,NA,NA,NA,NA,NA
2021-06-07,2021,Summer,Upstream,02URSU21.UM,02URSU21,UM,76.6,485.65,220,88.18666666666667,1236,18.35,22.63,16.17,12.5,11,88,1,NA,NA,NA,NA,NA,NA,NA,NA,NA,NA,NA,NA,NA,NA
2021-06-07,2021,Summer,Upstream,02URSU21.USH,02URSU21,USH,76.6,485.65,220,88.18666666666667,1236,18.35,22.63,16.17,22.25,32,65,3,NA,NA,NA,NA,NA,NA,NA,NA,NA,NA,NA,NA,NA,NA
2021-06-07,2021,Summer,Upstream,02URSU21.UFR,02URSU21,UFR,76.6,485.65,220,88.18666666666667,1236,18.35,22.63,16.17,28,7,91.5,1.5,NA,NA,NA,NA,NA,NA,NA,NA,NA,NA,NA,NA,NA,NA
2021-06-07,2021,Summer,Upstream,02URSU21.USU,02URSU21,USU,76.6,485.65,220,88.18666666666667,1236,18.35,22.63,16.17,14.5,6,94,0,NA,NA,NA,NA,NA,NA,NA,NA,NA,NA,NA,NA,NA,NA
2021-06-07,2021,Summer,Upstream,02URSU21.USR,02URSU21,USR,76.6,485.65,220,88.18666666666667,1236,18.35,22.63,16.17,19.5,25,72,3,NA,NA,NA,NA,NA,NA,NA,NA,NA,NA,NA,NA,NA,NA
2021-06-08,2021,Summer,Downstream,02DRSU21.DSH,02DRSU21,DSH,76.6,504.85,220,85.16333333333333,1236,22.83,23.78,16.605,16.45,12.5,81.75,0.75,NA,NA,NA,NA,NA,NA,NA,NA,NA,NA,NA,NA,NA,NA
2021-06-08,2021,Summer,Downstream,02DRSU21.DSP,02DRSU21,DSP,76.6,504.85,220,85.16333333333333,1236,22.83,23.78,16.605,6.25,12.5,85,2.5,NA,NA,NA,NA,NA,NA,NA,NA,NA,NA,NA,NA,NA,NA
2021-06-08,2021,Summer,Downstream,02DRSU21.DFR,02DRSU21,DFR,76.6,504.85,220,85.16333333333333,1236,22.83,23.78,16.605,23.05,40,59,1,NA,NA,NA,NA,NA,NA,NA,NA,NA,NA,NA,NA,NA,NA
2021-06-08,2021,Summer,Downstream,02DRSU21.DM,02DRSU21,DM,76.6,504.85,220,85.16333333333333,1236,22.83,23.78,16.605,18.5,22.5,76.5,1,NA,NA,NA,NA,NA,NA,NA,NA,NA,NA,NA,NA,NA,NA
2021-06-08,2021,Summer,Downstream,02DRSU21.DSR,02DRSU21,DSR,76.6,504.85,220,85.16333333333333,1236,22.83,23.78,16.605,21.75,27.5,69,3.5,NA,NA,NA,NA,NA,NA,NA,NA,NA,NA,NA,NA,NA,NA
2021-06-10,2021,Summer,Upstream,03URSU21.USU,03URSU21,USU,95.2,530.1,220,76.71,1236,22.83,23.86,17.2,16.25,20,79,1,NA,NA,NA,NA,NA,NA,NA,NA,NA,NA,NA,NA,NA,NA
2021-06-10,2021,Summer,Upstream,03URSU21.UM,03URSU21,UM,95.2,530.1,220,76.71,1236,22.83,23.86,17.2,13,5,95,0,NA,NA,NA,NA,NA,NA,NA,NA,NA,NA,NA,NA,NA,NA
2021-06-10,2021,Summer,Upstream,03URSU21.UFR,03URSU21,UFR,95.2,530.1,220,76.71,1236,22.83,23.86,17.2,30.75,12,87,1,NA,NA,NA,NA,NA,NA,NA,NA,NA,NA,NA,NA,NA,NA
2021-06-10,2021,Summer,Upstream,03URSU21.USH,03URSU21,USH,95.2,530.1,220,76.71,1236,22.83,23.86,17.2,22.7,15,85,0,NA,NA,NA,NA,NA,NA,NA,NA,NA,NA,NA,NA,NA,NA
2021-06-10,2021,Summer,Upstream,03URSU21.USR,03URSU21,USR,95.2,530.1,220,76.71,1236,22.83,23.86,17.2,25.25,74.5,22.5,3,NA,NA,NA,NA,NA,NA,NA,NA,NA,NA,NA,NA,NA,NA
2021-06-11,2021,Summer,Downstream,03DRSU21.DSH,03DRSU21,DSH,95.2,539,220,73.83,1236,22.83,23.86,17.665,16,8,82.5,5,NA,NA,NA,NA,NA,NA,NA,NA,NA,NA,NA,NA,NA,NA
2021-06-11,2021,Summer,Downstream,03DRSU21.DSR,03DRSU21,DSR,95.2,539,220,73.83,1236,22.83,23.86,17.665,17,22.5,72.5,5,NA,NA,NA,NA,NA,NA,NA,NA,NA,NA,NA,NA,NA,NA
2021-06-11,2021,Summer,Downstream,03DRSU21.DSP,03DRSU21,DSP,95.2,539,220,73.83,1236,22.83,23.86,17.665,8,17.5,84.5,3,NA,NA,NA,NA,NA,NA,NA,NA,NA,NA,NA,NA,NA,NA
2021-06-11,2021,Summer,Downstream,03DRSU21.DFR,03DRSU21,DFR,95.2,539,220,73.83,1236,22.83,23.86,17.665,18.5,30,62.5,7.5,NA,NA,NA,NA,NA,NA,NA,NA,NA,NA,NA,NA,NA,NA
2021-06-11,2021,Summer,Downstream,03DRSU21.DM,03DRSU21,DM,95.2,539,220,73.83,1236,22.83,23.86,17.665,15.25,37.5,57.5,5,NA,NA,NA,NA,NA,NA,NA,NA,NA,NA,NA,NA,NA,NA
2021-09-22,2021,Fall,Upstream,01URFA21.UM,01URFA21,UM,153.4,592.2,1060,141.55666666666667,1036,10.114999999999998,24.01,19.21,27.5,17.5,77.5,5,2021-09-22T18:20:00Z,NA,NA,NA,7.83,18.5,10.38,112,0.279,5.1,148.8,NA,NA,NA
2021-09-22,2021,Fall,Upstream,01URFA21.USU,01URFA21,USU,153.4,592.2,1060,141.55666666666667,1036,10.114999999999998,24.01,19.21,25.5,15,75,10,2021-09-22T19:00:00Z,NA,NA,NA,7.77,19.6,9.99,132,0.217,2.9,126.9,NA,NA,NA
2021-09-22,2021,Fall,Upstream,01URFA21.USH,01URFA21,USH,153.4,592.2,1060,141.55666666666667,1036,10.114999999999998,24.01,19.21,21.5,25,72,3,2021-09-22T19:03:00Z,NA,NA,NA,7.72,19.6,9.65,32,0.695,4.6,128.1,NA,NA,NA
2021-09-22,2021,Fall,Upstream,01URFA21.UFR,01URFA21,UFR,153.4,592.2,1060,141.55666666666667,1036,10.114999999999998,24.01,19.21,39.65,12.5,87.5,0,2021-09-22T18:30:00Z,NA,NA,NA,7.8,18.3,10.37,40,0.006,10.5,141.5,NA,NA,NA
2021-09-22,2021,Fall,Upstream,01URFA21.USR,01URFA21,USR,153.4,592.2,1060,141.55666666666667,1036,10.114999999999998,24.01,19.21,22.75,20,77,3,2021-09-22T18:26:00Z,NA,NA,NA,7.79,18.9,10.31,94,0.005,9.5,143.6,NA,NA,NA
2021-09-30,2021,Fall,Upstream,02URFA21.UM,02URFA21,UM,156.3,533.3,1060,118.75666666666666,1036,9.5,22.42,18.42,21.5,22.5,62.5,15,2021-09-30T17:52:00Z,42.31932,-72.6548,65,7.72,14.6,11.27,125,0.256,7.6,133.2,NA,NA,NA
2021-09-30,2021,Fall,Upstream,02URFA21.UFR,02URFA21,UFR,156.3,533.3,1060,118.75666666666666,1036,9.5,22.42,18.42,32.25,5.5,94,0.5,2021-09-30T18:11:00Z,42.31925,-72.65462,40,7.68,14.2,11.26,44,0.08,7.3,136.4,NA,NA,NA
2021-09-30,2021,Fall,Upstream,02URFA21.USH,02URFA21,USH,156.3,533.3,1060,118.75666666666666,1036,9.5,22.42,18.42,26.75,22.5,74,3.5,2021-09-30T18:40:00Z,42.32044,-72.6537,75,7.7,14.2,11.21,17,0.155,7.8,123.8,NA,NA,NA
2021-09-30,2021,Fall,Upstream,02URFA21.USR,02URFA21,USR,156.3,533.3,1060,118.75666666666666,1036,9.5,22.42,18.42,17.5,10,89,1,2021-09-30T18:03:00Z,42.31927,-72.65476,66,7.65,14.3,11.23,82,0.039,6.9,135.6,NA,NA,NA
2021-09-30,2021,Fall,Upstream,02URFA21.USU,02URFA21,USU,156.3,533.3,1060,118.75666666666666,1036,9.5,22.42,18.42,25.25,15,79.5,5.5,2021-09-30T18:50:00Z,42.32044,-72.65373,101,7.69,14,11.22,69,0.09,6,124,NA,NA,NA
2021-09-23,2021,Fall,Downstream,01DRFA21.DFR,01DRFA21,DFR,129,588.9,1060,122.37333333333332,1036,9.96,24.01,19.1,12.5,25,72,3,2021-09-23T18:10:00Z,NA,NA,NA,7.42,20.8,9.6,50,NA,7.5,140.4,NA,NA,NA
2021-09-23,2021,Fall,Downstream,01DRFA21.DM,01DRFA21,DM,129,588.9,1060,122.37333333333332,1036,9.96,24.01,19.1,18.5,12.5,82.5,5,2021-09-23T18:16:00Z,NA,NA,NA,7.43,20.3,9.67,192,NA,2.9,140.1,NA,NA,NA
2021-09-23,2021,Fall,Downstream,01DRFA21.DSH,01DRFA21,DSH,129,588.9,1060,122.37333333333332,1036,9.96,24.01,19.1,30,23,75,2,2021-09-23T18:20:00Z,NA,NA,NA,7.44,20.3,9.76,54,NA,6.2,141,NA,NA,NA
2021-09-23,2021,Fall,Downstream,01DRFA21.DSP,01DRFA21,DSP,129,588.9,1060,122.37333333333332,1036,9.96,24.01,19.1,14,10,90,0,2021-09-23T18:26:00Z,NA,NA,NA,7.4,20.1,9.64,235,0.126,NA,NA,NA,NA,NA
2021-09-23,2021,Fall,Downstream,01DRFA21.DSR,01DRFA21,DSR,129,588.9,1060,122.37333333333332,1036,9.96,24.01,19.1,24,15,80,5,2021-09-23T18:00:00Z,NA,NA,NA,7.46,20.5,9.73,53,NA,8.7,144.9,NA,NA,NA
2021-09-29,2021,Fall,Downstream,03DRFA21.DFR,03DRFA21,DFR,158.3,545.2,1060,119.33666666666667,1036,9.56,22.95,18.53,18,5,90,5,2021-09-29T18:05:00Z,NA,NA,NA,7.38,15.8,10.47,55,0.489,8.6,131.3,NA,NA,NA
2021-09-29,2021,Fall,Downstream,03DRFA21.DM,03DRFA21,DM,158.3,545.2,1060,119.33666666666667,1036,9.56,22.95,18.53,27,10,90,0,2021-09-29T17:58:00Z,NA,NA,NA,7.38,15.5,10.61,593,0.334,5,131,NA,NA,NA
2021-09-29,2021,Fall,Downstream,03DRFA21.DSH,03DRFA21,DSH,158.3,545.2,1060,119.33666666666667,1036,9.56,22.95,18.53,20,10,85,5,2021-09-29T18:13:00Z,NA,NA,NA,7.43,16.1,10.72,36,0.025,12.9,136.1,NA,NA,NA
2021-09-29,2021,Fall,Downstream,03DRFA21.DSP,03DRFA21,DSP,158.3,545.2,1060,119.33666666666667,1036,9.56,22.95,18.53,19.5,40,60,0,2021-09-29T18:20:00Z,NA,NA,NA,7.38,15.1,10.56,73,0.204,5.9,131.1,NA,NA,NA
2021-09-29,2021,Fall,Downstream,03DRFA21.DSR,03DRFA21,DSR,158.3,545.2,1060,119.33666666666667,1036,9.56,22.95,18.53,21,10,80,10,2021-09-29T17:50:00Z,NA,NA,NA,7.43,16.2,10.61,42,0.004,21.1,135.9,NA,NA,NA
2021-09-28,2021,Fall,Downstream,02DRFA21.DFR,02DRFA21,DFR,153.2,553.55,1060,119.81,1036,9.62,22.95,18.67,15,10,85,5,2021-09-28T17:55:00Z,NA,NA,NA,7.32,16.9,NA,NA,NA,8.3,134.3,NA,NA,NA
2021-09-28,2021,Fall,Downstream,02DRFA21.DM,02DRFA21,DM,153.2,553.55,1060,119.81,1036,9.62,22.95,18.67,28.5,5,95,0,2021-09-28T18:10:00Z,NA,NA,NA,7.28,16.4,NA,NA,NA,8.1,126.2,NA,NA,NA
2021-09-28,2021,Fall,Downstream,02DRFA21.DSH,02DRFA21,DSH,153.2,553.55,1060,119.81,1036,9.62,22.95,18.67,30,5,90,5,2021-09-28T18:00:00Z,NA,NA,NA,7.28,16.4,NA,NA,NA,7.9,132.2,NA,NA,NA
2021-09-28,2021,Fall,Downstream,02DRFA21.DSP,02DRFA21,DSP,153.2,553.55,1060,119.81,1036,9.62,22.95,18.67,10,15,80,5,2021-09-28T18:05:00Z,NA,NA,NA,7.29,16.2,NA,NA,NA,7.4,132.1,NA,NA,NA
2021-09-28,2021,Fall,Downstream,02DRFA21.DSR,02DRFA21,DSR,153.2,553.55,1060,119.81,1036,9.62,22.95,18.67,39,55,44,1,2021-09-28T18:15:00Z,NA,NA,NA,7.29,16.4,NA,NA,NA,7.5,132,NA,NA,NA
2022-05-31,2022,Summer,Upstream,01URSU22.UM,01URSU22,UM,77.6,478.2,112,62.49666666666667,NA,NA,NA,NA,24.25,5,95,0,2022-05-31T17:00:00Z,41.319365000000005,-72.63477,NA,7.91,21.35,9.705,446,0.4005,2.75,76.7,0.9,NA,NA
2022-05-31,2022,Summer,Upstream,01URSU22.USU,01URSU22,USU,77.6,478.2,112,62.49666666666667,NA,NA,NA,NA,19.7,5,95,0,2022-05-31T18:40:00Z,41.320325,-72.65366499999999,NA,7.79,22.7,9.17,1006.5,0.238,2.75,69.65,0.7,NA,NA
2022-06-07,2022,Summer,Downstream,02DRSU22.DSR,02DRSU22,DSR,66.6,529,88.2,48.53,NA,NA,NA,NA,23,10,85,5,2022-06-07T17:06:00Z,42.31494,-72.64106,NA,7.42,19.9,9.19,193,0.357,7.4,86.6,1,NA,NA
2022-06-07,2022,Summer,Downstream,02DRSU22.DFR,02DRSU22,DFR,66.6,529,88.2,48.53,NA,NA,NA,NA,13,10,89,5,2022-06-07T17:32:00Z,42.31515,-72.64105,NA,7.46,20,9.16,110,0.094,6.6,86.9,0.9,NA,NA
2022-06-14,2022,Summer,Downstream,03DRSU22.DSR,03DRSU22,DSR,97.1,548.95,103,45.766666666666666,NA,NA,NA,NA,12,4,95,1,2022-06-14T17:07:00Z,42.31492,-72.64117,NA,7.43,22.2,8.7,23,0.002,11.6,82.6,1,NA,NA
2022-06-01,2022,Summer,Downstream,01DRSU22.DFR,01DRSU22,DFR,80.6,488.75,112,61.06666666666666,NA,NA,NA,NA,16.5,8,90,2,2022-06-01T16:37:00Z,42.31513,-72.64115,NA,7.38,20,9.27,100,0.123,6,76.5,0.9,NA,NA
2022-06-01,2022,Summer,Downstream,01DRSU22.DM,01DRSU22,DM,80.6,488.75,112,61.06666666666666,NA,NA,NA,NA,20.5,50,45,5,2022-06-01T16:50:00Z,42.31513,-72.64111,NA,7.38,19.7,9.18,101,0.043,6.3,76.7,0.8,NA,NA
2022-05-31,2022,Summer,Upstream,01URSU22.UFR,01URSU22,UFR,77.6,478.2,112,62.49666666666667,NA,NA,NA,NA,30.25,16,84,0,2022-05-31T17:57:00Z,41.319405,-72.63441499999999,NA,7.825,21.95,9.53,26,0.0185,3.15,77.4,0.8,NA,NA
2022-06-06,2022,Summer,Upstream,02URSU22.USR,02URSU22,USR,66.6,518.45,88.2,50.01,NA,NA,NA,NA,19.75,12.5,80,7.5,2022-06-06T18:00:00Z,42.319244999999995,-72.65482499999999,NA,7.7,19.1,9.875,122.5,0,13.7,86.4,1,NA,NA
2022-06-06,2022,Summer,Upstream,02URSU22.USH,02URSU22,USH,66.6,518.45,88.2,50.01,NA,NA,NA,NA,23.25,47.5,47.5,5,2022-06-06T18:50:00Z,42.320409999999995,-72.65365,NA,7.705,19.75,9.4,180.5,NA,4,77.3,1,NA,NA
2022-05-31,2022,Summer,Upstream,01URSU22.USR,01URSU22,USR,77.6,478.2,112,62.49666666666667,NA,NA,NA,NA,19.9,10,85,5,2022-05-31T17:40:00Z,41.31921,-72.634805,NA,7.845000000000001,21.6,9.66,143,0,4.3,76.9,0.8500000000000001,NA,NA
2022-06-14,2022,Summer,Downstream,03DRSU22.DM,03DRSU22,DM,97.1,548.95,103,45.766666666666666,NA,NA,NA,NA,16,30,65,5,2022-06-14T17:11:00Z,42.31501,-72.64112,NA,7.47,22.5,8.81,1531,0.025,9.2,81.2,0.9,NA,NA
2022-06-01,2022,Summer,Downstream,01DRSU22.DSP,01DRSU22,DSP,80.6,488.75,112,61.06666666666666,NA,NA,NA,NA,15,20,80,0,2022-06-01T17:11:00Z,42.31548,-72.6411,NA,7.36,19.6,9.17,131,0.278,6.2,75.9,0.8,NA,NA
2022-06-13,2022,Summer,Upstream,03URSU22.UFR,03URSU22,UFR,97.1,552.3,103,46.68333333333333,NA,NA,NA,NA,36.75,7.5,92.5,0,2022-06-13T17:52:00Z,42.319525,-72.65459,NA,7.735,20.25,9.41,44,0.003,7.7,80.3,1.1,NA,NA
2022-06-07,2022,Summer,Downstream,02DRSU22.DSP,02DRSU22,DSP,66.6,529,88.2,48.53,NA,NA,NA,NA,11.5,20,80,0,2022-06-07T17:57:00Z,42.31548,-72.64116,NA,7.45,19.8,9.11,629,0.201,4.7,85.6,0.9,NA,NA
2022-05-31,2022,Summer,Upstream,01URSU22.USH,01URSU22,USH,77.6,478.2,112,62.49666666666667,NA,NA,NA,NA,21.25,27.5,70,2.5,2022-05-31T19:03:00Z,41.320485,-72.65365,NA,7.715,22.3,9.23,382.5,0.162,2.5,69.80000000000001,0.8,NA,NA
2022-06-01,2022,Summer,Downstream,01DRSU22.DSH,01DRSU22,DSH,80.6,488.75,112,61.06666666666666,NA,NA,NA,NA,12,5,93,2,2022-06-01T16:56:00Z,42.31534,-72.64114,NA,7.37,19.6,9.23,27,0.261,5,77.1,0.8,NA,NA
2022-06-07,2022,Summer,Downstream,02DRSU22.DSH,02DRSU22,DSH,66.6,529,88.2,48.53,NA,NA,NA,NA,13,1,95,4,2022-06-07T17:52:00Z,42.31528,-72.64123,NA,7.44,19.9,9.16,34,0.41,8.4,85.8,0.9,NA,NA
2022-06-13,2022,Summer,Upstream,03URSU22.USH,03URSU22,USH,97.1,552.3,103,46.68333333333333,NA,NA,NA,NA,19,3.5,90.5,6,2022-06-13T18:38:00Z,42.32048,-72.65367499999999,NA,7.74,20.75,9.175,58.5,0.14450000000000002,6.6,74.3,1,NA,NA
2022-06-13,2022,Summer,Upstream,03URSU22.USR,03URSU22,USR,97.1,552.3,103,46.68333333333333,NA,NA,NA,NA,14.25,12,84.5,3.5,2022-06-13T17:30:00Z,42.319275,-72.65485,NA,7.745,20,9.415,237,0.0025,8.7,82.6,1,NA,NA
2022-06-06,2022,Summer,Upstream,02URSU22.USU,02URSU22,USU,66.6,518.45,88.2,50.01,NA,NA,NA,NA,21.25,7.5,92,0.5,2022-06-06T18:25:00Z,42.320585,-72.65361,NA,7.715,19.45,9.71,774.5,0.192,2.5,77.6,1,NA,NA
2022-06-06,2022,Summer,Upstream,02URSU22.UM,02URSU22,UM,66.6,518.45,88.2,50.01,NA,NA,NA,NA,16.5,2.5,95,2.5,2022-06-06T17:20:00Z,42.31927,-72.65482,NA,7.745,18.75,9.98,1543.5,0.2425,3.4,86,1.1,NA,NA
2022-06-13,2022,Summer,Upstream,03URSU22.UM,03URSU22,UM,97.1,552.3,103,46.68333333333333,NA,NA,NA,NA,16,9.5,87.5,3,2022-06-13T17:10:00Z,42.31951,-72.654695,NA,7.755,20.15,9.53,1422,0.5085,3.8,81.8,1.1,NA,NA
2022-06-06,2022,Summer,Upstream,02URSU22.UFR,02URSU22,UFR,66.6,518.45,88.2,50.01,NA,NA,NA,NA,32.25,12.5,87.5,0,2022-06-06T17:25:00Z,42.31934,-72.65457,NA,7.72,18.6,9.925,46,0.0265,1.1,85.6,1,NA,NA
2022-06-01,2022,Summer,Downstream,01DRSU22.DSR,01DRSU22,DSR,80.6,488.75,112,61.06666666666666,NA,NA,NA,NA,17,15,80,5,2022-06-01T16:28:00Z,42.31509,-72.64105,NA,7.4,20,9.25,110,0.036,7.2,78.2,1.1,NA,NA
2022-06-07,2022,Summer,Downstream,02DRSU22.DM,02DRSU22,DM,66.6,529,88.2,48.53,NA,NA,NA,NA,17,38,60,2,2022-06-07T17:30:00Z,42.31521,-72.64107,NA,7.45,19.9,9.16,224,0.106,4.5,86.2,1,NA,NA
2022-06-13,2022,Summer,Upstream,03URSU22.USU,03URSU22,USU,97.1,552.3,103,46.68333333333333,NA,NA,NA,NA,17.5,7.5,92.5,0,2022-06-13T18:20:00Z,42.320375,-72.65362999999999,NA,7.775,20.65,9.225,894.5,0.122,5.8,72.7,1,NA,NA
2022-06-14,2022,Summer,Downstream,03DRSU22.DFR,03DRSU22,DFR,97.1,548.95,103,45.766666666666666,NA,NA,NA,NA,13,5,90,5,2022-06-14T17:23:00Z,42.31501,-72.64115,NA,7.46,22.7,8.87,42,0.064,10.4,80.8,0.9,NA,NA
2022-06-14,2022,Summer,Downstream,03DRSU22.DSP,03DRSU22,DSP,97.1,548.95,103,45.766666666666666,NA,NA,NA,NA,11,5,95,0,2022-06-14T17:45:00Z,42.31536,-72.64109,NA,7.5,23.8,8.94,1546,0.43,7.7,80,0.9,NA,NA
2022-06-14,2022,Summer,Downstream,03DRSU22.DSH,03DRSU22,DSH,97.1,548.95,103,45.766666666666666,NA,NA,NA,NA,13.5,1,94,5,2022-06-14T17:33:00Z,42.31528,-72.64124,NA,7.44,22.8,8.92,18,0.582,9.8,80.6,0.9,NA,NA
2022-09-29,2022,Fall,Upstream,03URFA22.USU,03URFA22,USU,200.7,517.85,96.7,18.715666666666667,NA,NA,NA,NA,39.5,17.5,79,3.5,2022-09-29T18:00:00Z,42.32020158,-72.65345666,NA,8.29,15.1,10.51223646,136.7317758,0.287123889,7.6,98.8,0.9,36,0.4
2022-09-29,2022,Fall,Upstream,03URFA22.UM,03URFA22,UM,200.7,517.85,96.7,18.715666666666667,NA,NA,NA,NA,22,10,85,5,2022-09-29T18:10:00Z,42.31934266,-72.65476387,NA,8.3,14.4,10.67100898,101.6765688,0.094742193,10,103.2,1,37,0.7
2022-09-29,2022,Fall,Upstream,03URFA22.UFR,03URFA22,UFR,200.7,517.85,96.7,18.715666666666667,NA,NA,NA,NA,31,30,60,10,2022-09-29T18:19:00Z,42.31927568,-72.65472999,NA,8.22,14.2,10.82176761,29.17219953,0.007272116,7.5,107.5,1,36,0.4
2022-09-29,2022,Fall,Upstream,03URFA22.USR,03URFA22,USR,200.7,517.85,96.7,18.715666666666667,NA,NA,NA,NA,33,40,60,0,2022-09-29T18:15:00Z,42.31918728,-72.65492978,NA,7.79,14.1,10.58063841,35.44391041,0.01444642,10.2,106.3,1,36,0.5
2022-09-22,2022,Fall,Downstream,01DRFA22.DSH,01DRFA22,DSH,202.1,590.9,96.7,16.313,NA,NA,NA,NA,26,35,60,5,2022-09-22T18:29:00Z,NA,NA,NA,7.48,18.1,9.2,NA,NA,13.8,92.9,0.9,42,0.2
2022-09-22,2022,Fall,Downstream,01DRFA22.DM,01DRFA22,DM,202.1,590.9,96.7,16.313,NA,NA,NA,NA,18,20,70,10,2022-09-22T18:25:00Z,NA,NA,NA,7.46,18,9.22,NA,NA,16.5,94.6,0.9,44,0.5
2022-09-22,2022,Fall,Downstream,01DRFA22.DFR,01DRFA22,DFR,202.1,590.9,96.7,16.313,NA,NA,NA,NA,24.5,25,70,5,2022-09-22T18:22:00Z,NA,NA,NA,7.41,18.3,9.32,NA,NA,16.1,91.2,0.9,40,0.2
2022-09-22,2022,Fall,Downstream,01DRFA22.DSP,01DRFA22,DSP,202.1,590.9,96.7,16.313,NA,NA,NA,NA,18.33,15,65,10,2022-09-22T18:39:00Z,NA,NA,NA,7.45,18.4,9.43,NA,NA,14.6,87.3,0.9,46,0
2022-09-22,2022,Fall,Downstream,01DRFA22.DSR,01DRFA22,DSR,202.1,590.9,96.7,16.313,NA,NA,NA,NA,27.9,20,75,5,2022-09-22T18:14:00Z,NA,NA,NA,7.38,18.6,9.15,NA,NA,17.6,96.6,1.1,37,0.2
2022-09-27,2022,Fall,Upstream,02URFA22.USR,02URFA22,USR,200.7,537.5,96.7,18.322,NA,NA,NA,NA,14,20,75,30,2022-09-27T18:10:00Z,NA,NA,NA,7.61,NA,10.41,NA,NA,13.7,102.5,1,35,0.4
2022-09-21,2022,Fall,Upstream,01URFA22.UFR,01URFA22,UFR,225.2,595.6,96.7,15.206333333333331,NA,NA,NA,NA,36,15,83,2,2022-09-21T18:24:00Z,42.31918335,-72.65483093,NA,8.02,18.4,9.854552039,21.35951345,0.012391253,6.6,95.4,0.9,38,0.2
2022-09-21,2022,Fall,Upstream,01URFA22.USH,01URFA22,USH,225.2,595.6,96.7,15.206333333333331,NA,NA,NA,NA,22.9,30,60,10,2022-09-21T18:44:00Z,42.32038408,-72.65369295,NA,8.03,18.6,9.502418905,69.36329167,0.186542511,3.4,86.9,1,43,0.2
2022-09-29,2022,Fall,Upstream,03URFA22.USH,03URFA22,USH,200.7,517.85,96.7,18.715666666666667,NA,NA,NA,NA,21.65,20,70,10,2022-09-29T18:03:00Z,42.32044132,-72.65364486,NA,8.27,14.5,10.56457069,30.46826618,0.089593283,8.7,97.3,1,36,0.6
2022-09-21,2022,Fall,Upstream,01URFA22.USU,01URFA22,USU,225.2,595.6,96.7,15.206333333333331,NA,NA,NA,NA,34,15,80,5,2022-09-21T18:36:00Z,42.32047506,-72.65345275,NA,8.03,18.6,9.359403101,39.63842625,0.058738895,6.7,89,1.1,38,0.1
2022-09-21,2022,Fall,Upstream,01URFA22.UM,01URFA22,UM,225.2,595.6,96.7,15.206333333333331,NA,NA,NA,NA,17.75,37.5,62.5,2.5,2022-09-21T18:28:00Z,42.31918609,-72.65460851,NA,8.07,18.5,9.635001358,974.377888,0.122987701,5.7,93.1,1,38,0.4
2022-09-21,2022,Fall,Upstream,01URFA22.USR,01URFA22,USR,225.2,595.6,96.7,15.206333333333331,NA,NA,NA,NA,16.7,15,83,2,2022-09-21T18:19:00Z,42.31918413,-72.65488688,NA,8.01,18.3,9.720615124,83.28507586,8.55981e-4,10,94.2,0.9,37,0
2022-09-27,2022,Fall,Upstream,02URFA22.UM,02URFA22,UM,200.7,537.5,96.7,18.322,NA,NA,NA,NA,20,20,70,5,2022-09-27T18:10:00Z,NA,NA,NA,7.77,NA,10.37,NA,NA,7.6,64.1,0.9,35,0.3
2022-09-27,2022,Fall,Upstream,02URFA22.USU,02URFA22,USU,200.7,537.5,96.7,18.322,NA,NA,NA,NA,5,29,80,10,2022-09-27T18:30:00Z,NA,NA,NA,7.88,17.2,10.67,NA,NA,8.4,94.6,0.9,36,0.2
2022-09-27,2022,Fall,Upstream,02URFA22.UFR,02URFA22,UFR,200.7,537.5,96.7,18.322,NA,NA,NA,NA,26,10,90,1,2022-09-27T18:15:00Z,NA,NA,NA,7.84,NA,10.88,NA,NA,7.5,18.4,1,36,0.5
2022-09-27,2022,Fall,Upstream,02URFA22.USH,02URFA22,USH,200.7,537.5,96.7,18.322,NA,NA,NA,NA,24,30,65,5,2022-09-27T18:45:00Z,NA,NA,NA,7.85,16.5,10.86,NA,NA,10.5,93.1,1,36,0
2022-09-28,2022,Fall,Downstream,02DRFA22.DSP,02DRFA22,DSP,200.7,529.75,96.7,18.536666666666665,NA,NA,NA,NA,7,10,85,5,2022-09-28T17:30:00Z,42.31522379,-72.64111905,NA,7.65,16.2,10.0070632,144.4377456,0.444162058,12.4,102,1,40,0.2
2022-10-03,2022,Fall,Downstream,03DRFA22.DSR,03DRFA22,DSR,199.7,483.9,96.7,19.491,NA,NA,NA,NA,18,20,80,0,2022-10-03T18:30:00Z,NA,NA,NA,7.45,13.5,10.36,NA,NA,14.7,114.6,1.1,42,0.3
2022-10-03,2022,Fall,Downstream,03DRFA22.DFR,03DRFA22,DFR,199.7,483.9,96.7,19.491,NA,NA,NA,NA,8,15,80,5,2022-10-03T18:50:00Z,NA,NA,NA,7.63,12.6,10.5,NA,NA,11.6,115.6,1.1,40,0.2
2022-10-03,2022,Fall,Downstream,03DRFA22.DSH,03DRFA22,DSH,199.7,483.9,96.7,19.491,NA,NA,NA,NA,NA,NA,NA,NA,2022-10-03T18:55:00Z,NA,NA,NA,7.63,12.9,10.45,NA,NA,14.6,115,1,42,0.2
2022-10-03,2022,Fall,Downstream,03DRFA22.DSP,03DRFA22,DSP,199.7,483.9,96.7,19.491,NA,NA,NA,NA,15.4,40,50,10,2022-10-03T19:00:00Z,NA,NA,NA,7.68,12.7,10.62,NA,NA,12,114.7,1,39,0.5
2022-10-03,2022,Fall,Downstream,03DRFA22.DM,03DRFA22,DM,199.7,483.9,96.7,19.491,NA,NA,NA,NA,10.5,40,55,5,2022-10-03T18:40:00Z,NA,NA,NA,7.63,12.7,10.52,NA,NA,10.9,116.2,1.1,41,0.2
2022-09-28,2022,Fall,Downstream,02DRFA22.DM,02DRFA22,DM,200.7,529.75,96.7,18.536666666666665,NA,NA,NA,NA,11,10,90,0,2022-09-28T16:41:00Z,42.31517959,-72.64107458,NA,7.58,15.9,10.21395768,25.67557401,0.285213382,11.7,100.9,1,35,0.3
2022-09-28,2022,Fall,Downstream,02DRFA22.DSR,02DRFA22,DSR,200.7,529.75,96.7,18.536666666666665,NA,NA,NA,NA,13,23,75,2,2022-09-28T15:58:00Z,42.31506934,-72.64114715,NA,7.55,16.3,9.945240093,350.7764949,0,10.1,103.4,1,37,0.6
2022-09-28,2022,Fall,Downstream,02DRFA22.DFR,02DRFA22,DFR,200.7,529.75,96.7,18.536666666666665,NA,NA,NA,NA,12,30,65,5,2022-09-28T16:20:00Z,42.31506507,-72.64113741,NA,7.6,16,9.710737046,179.1854338,0.001819784,8,101.8,1,36,0.4
2022-09-28,2022,Fall,Downstream,02DRFA22.DSH,02DRFA22,DSH,200.7,529.75,96.7,18.536666666666665,NA,NA,NA,NA,10,20,75,5,2022-09-28T17:09:00Z,42.31525403,-72.64115608,NA,7.57,16.4,10.23550903,25.69420393,0.245043732,9.2,101.6,1,36,0.5
